County Name,Defining Parameter,year,avg_aqi
Hamilton,CO,2006,33.0
Hamilton,CO,2011,36.0
Hamilton,CO,2021,2.0
Hamilton,NO2,2000,41.09090909090909
Hamilton,NO2,2001,40.529411764705884
Hamilton,NO2,2002,38.0625
Hamilton,NO2,2003,44.44827586206897
Hamilton,NO2,2004,43.225806451612904
Hamilton,NO2,2005,38.01052631578948
Hamilton,NO2,2006,33.30487804878049
Hamilton,NO2,2007,36.08571428571429
Hamilton,NO2,2008,32.17142857142857
Hamilton,NO2,2009,33.4
Hamilton,NO2,2010,34.5
Hamilton,NO2,2011,25.166666666666668
Hamilton,NO2,2013,38.5
Hamilton,NO2,2014,42.096774193548384
Hamilton,NO2,2015,42.76086956521739
Hamilton,NO2,2016,39.470588235294116
Hamilton,NO2,2017,36.1
Hamilton,NO2,2018,33.26086956521739
Hamilton,NO2,2019,41.42857142857143
Hamilton,NO2,2020,39.285714285714285
Hamilton,NO2,2021,36.8
Hamilton,Ozone,2000,48.05084745762712
Hamilton,Ozone,2001,52.940546967895365
Hamilton,Ozone,2002,59.46875
Hamilton,Ozone,2003,54.01870324189526
Hamilton,Ozone,2004,48.13933415536375
Hamilton,Ozone,2005,54.101176470588236
Hamilton,Ozone,2006,47.279495990836196
Hamilton,Ozone,2007,58.272965879265094
Hamilton,Ozone,2008,46.8403451995685
Hamilton,Ozone,2009,42.714454976303315
Hamilton,Ozone,2010,50.00235294117647
Hamilton,Ozone,2011,47.312933025404156
Hamilton,Ozone,2012,52.73892773892774
Hamilton,Ozone,2013,40.50300120048019
Hamilton,Ozone,2014,39.80784844384303
Hamilton,Ozone,2015,40.42151898734177
Hamilton,Ozone,2016,43.32851511169514
Hamilton,Ozone,2017,41.82731376975169
Hamilton,Ozone,2018,41.540571428571425
Hamilton,Ozone,2019,41.86741573033708
Hamilton,Ozone,2020,39.27953216374269
Hamilton,Ozone,2021,36.85875706214689
Hamilton,PM10,2006,38.5
Hamilton,PM10,2009,35.0
Hamilton,PM10,2011,32.0
Hamilton,PM2.5,2000,68.50226244343891
Hamilton,PM2.5,2001,66.58201058201058
Hamilton,PM2.5,2002,60.46560846560847
Hamilton,PM2.5,2003,61.23831775700935
Hamilton,PM2.5,2004,60.49710982658959
Hamilton,PM2.5,2005,67.38297872340425
Hamilton,PM2.5,2006,56.53636363636364
Hamilton,PM2.5,2007,54.09340659340659
Hamilton,PM2.5,2008,54.7289156626506
Hamilton,PM2.5,2009,53.40677966101695
Hamilton,PM2.5,2010,64.97602739726027
Hamilton,PM2.5,2011,55.433526011560694
Hamilton,PM2.5,2012,52.60747663551402
Hamilton,PM2.5,2013,57.06827309236948
Hamilton,PM2.5,2014,49.53438113948919
Hamilton,PM2.5,2015,43.93426294820717
Hamilton,PM2.5,2016,43.23747680890538
Hamilton,PM2.5,2017,43.89945155393053
Hamilton,PM2.5,2018,46.30402930402931
Hamilton,PM2.5,2019,47.832
Hamilton,PM2.5,2020,45.23642732049037
Hamilton,PM2.5,2021,46.30337078651685
Hamilton,SO2,2000,90.75
Hamilton,SO2,2001,98.9041095890411
Hamilton,SO2,2002,89.33734939759036
Hamilton,SO2,2003,78.04347826086956
Hamilton,SO2,2004,83.18181818181819
Hamilton,SO2,2005,67.25842696629213
Hamilton,SO2,2006,61.03370786516854
Hamilton,SO2,2007,59.7
Hamilton,SO2,2008,57.9
Hamilton,SO2,2009,51.55555555555556
Hamilton,SO2,2010,57.75
Hamilton,SO2,2011,63.171875
Hamilton,SO2,2012,54.125
Hamilton,SO2,2013,59.08571428571429
Hamilton,SO2,2014,60.15384615384615
Hamilton,SO2,2015,47.4
Hamilton,SO2,2016,0.0
Hamilton,SO2,2017,0.0
Hamilton,SO2,2018,0.0
Hamilton,SO2,2019,0.02702702702702703
Hamilton,SO2,2020,14.666666666666666
Kent,CO,2000,9.333333333333334
Kent,CO,2001,18.0
Kent,CO,2007,4.666666666666667
Kent,CO,2008,3.0
Kent,CO,2009,10.666666666666666
Kent,CO,2010,13.0
Kent,CO,2019,6.666666666666667
Kent,CO,2020,8.0
Kent,CO,2021,5.604395604395604
Kent,NO2,2002,33.25
Kent,NO2,2003,36.8125
Kent,NO2,2004,28.307692307692307
Kent,NO2,2005,32.94444444444444
Kent,NO2,2006,27.764044943820224
Kent,NO2,2007,29.410714285714285
Kent,Ozone,2000,51.75
Kent,Ozone,2001,66.02941176470588
Kent,Ozone,2002,73.31192660550458
Kent,Ozone,2003,65.04040404040404
Kent,Ozone,2004,47.22935779816514
Kent,Ozone,2005,64.432
Kent,Ozone,2006,51.310810810810814
Kent,Ozone,2007,58.2969696969697
Kent,Ozone,2008,47.328
Kent,Ozone,2009,36.96506550218341
Kent,Ozone,2010,38.05298013245033
Kent,Ozone,2011,42.41884816753927
Kent,Ozone,2012,51.625
Kent,Ozone,2013,44.24875621890547
Kent,Ozone,2014,42.666666666666664
Kent,Ozone,2015,40.25373134328358
Kent,Ozone,2016,43.68949771689498
Kent,Ozone,2017,41.12017167381974
Kent,Ozone,2018,40.18777292576419
Kent,Ozone,2019,36.2295719844358
Kent,Ozone,2020,39.486111111111114
Kent,PM10,2000,30.0
Kent,PM10,2004,22.0
Kent,PM10,2010,34.0
Kent,PM10,2019,48.0
Kent,PM2.5,2000,55.21235521235521
Kent,PM2.5,2001,53.45
Kent,PM2.5,2002,52.972093023255816
Kent,PM2.5,2003,55.41935483870968
Kent,PM2.5,2004,55.163366336633665
Kent,PM2.5,2005,56.63725490196079
Kent,PM2.5,2006,54.84251968503937
Kent,PM2.5,2007,54.36
Kent,PM2.5,2008,46.465811965811966
Kent,PM2.5,2009,48.06201550387597
Kent,PM2.5,2010,54.45
Kent,PM2.5,2011,46.47701149425287
Kent,PM2.5,2012,47.03333333333333
Kent,PM2.5,2013,45.792682926829265
Kent,PM2.5,2014,45.960396039603964
Kent,PM2.5,2015,48.426829268292686
Kent,PM2.5,2016,44.17006802721088
Kent,PM2.5,2017,44.14393939393939
Kent,PM2.5,2018,41.705882352941174
Kent,PM2.5,2019,43.772277227722775
Kent,PM2.5,2020,43.36842105263158
Kent,SO2,2000,13.5
Kent,SO2,2001,60.0
Kent,SO2,2002,105.0
Kent,SO2,2003,36.0
Kent,SO2,2004,40.0
Kent,SO2,2009,17.0
Kent,SO2,2010,24.0
Kent,SO2,2020,0.0
Lake,CO,2000,9.714285714285714
Lake,CO,2001,8.5
Lake,CO,2002,14.714285714285714
Lake,CO,2003,19.0
Lake,CO,2004,12.0
Lake,CO,2005,15.5
Lake,CO,2006,9.833333333333334
Lake,CO,2007,13.5
Lake,CO,2008,13.636363636363637
Lake,CO,2009,8.2
Lake,CO,2010,29.333333333333332
Lake,CO,2011,9.0
Lake,CO,2012,8.0
Lake,CO,2014,6.5
Lake,CO,2015,8.0
Lake,CO,2016,3.0
Lake,CO,2017,14.666666666666666
Lake,NO2,2000,49.125
Lake,NO2,2001,52.5
Lake,NO2,2002,46.44444444444444
Lake,NO2,2003,42.689655172413794
Lake,NO2,2004,38.6875
Lake,NO2,2005,37.916666666666664
Lake,NO2,2006,44.588235294117645
Lake,NO2,2007,27.5
Lake,NO2,2008,33.875
Lake,NO2,2009,38.76190476190476
Lake,NO2,2010,35.0
Lake,NO2,2011,34.75
Lake,NO2,2012,27.142857142857142
Lake,NO2,2013,36.22222222222222
Lake,NO2,2014,25.625
Lake,NO2,2015,29.666666666666668
Lake,NO2,2016,27.6875
Lake,NO2,2017,29.9
Lake,NO2,2018,35.333333333333336
Lake,NO2,2019,41.0
Lake,NO2,2020,29.0
Lake,Ozone,2000,45.78242677824268
Lake,Ozone,2001,55.318446601941744
Lake,Ozone,2002,63.72357723577236
Lake,Ozone,2003,49.71072796934866
Lake,Ozone,2004,40.97379032258065
Lake,Ozone,2005,57.31926605504587
Lake,Ozone,2006,43.46601941747573
Lake,Ozone,2007,49.82309124767225
Lake,Ozone,2008,43.53815261044177
Lake,Ozone,2009,40.54133858267716
Lake,Ozone,2010,47.90998043052838
Lake,Ozone,2011,45.25387596899225
Lake,Ozone,2012,53.94
Lake,Ozone,2013,41.94149908592322
Lake,Ozone,2014,42.290806754221386
Lake,Ozone,2015,42.326298701298704
Lake,Ozone,2016,43.662460567823345
Lake,Ozone,2017,42.21342281879195
Lake,Ozone,2018,42.789004457652304
Lake,Ozone,2019,42.3248
Lake,Ozone,2020,44.72532894736842
Lake,Ozone,2021,39.17857142857143
Lake,PM10,2000,58.125
Lake,PM10,2001,55.857142857142854
Lake,PM10,2002,38.0
Lake,PM10,2003,75.16666666666667
Lake,PM10,2004,65.84615384615384
Lake,PM10,2005,69.5
Lake,PM10,2006,50.142857142857146
Lake,PM10,2007,77.33333333333333
Lake,PM10,2008,57.4
Lake,PM10,2009,58.0
Lake,PM10,2010,37.25
Lake,PM10,2011,40.625
Lake,PM10,2012,55.08695652173913
Lake,PM10,2013,50.57142857142857
Lake,PM10,2014,57.666666666666664
Lake,PM10,2015,45.642857142857146
Lake,PM10,2016,37.75
Lake,PM10,2017,41.5625
Lake,PM10,2018,42.22222222222222
Lake,PM10,2019,49.75
Lake,PM10,2020,42.72727272727273
Lake,PM2.5,2000,66.05479452054794
Lake,PM2.5,2001,67.95795795795796
Lake,PM2.5,2002,59.62011173184357
Lake,PM2.5,2003,59.88737201365188
Lake,PM2.5,2004,59.13939393939394
Lake,PM2.5,2005,61.80064308681672
Lake,PM2.5,2006,54.31428571428572
Lake,PM2.5,2007,54.93650793650794
Lake,PM2.5,2008,52.90144927536232
Lake,PM2.5,2009,51.87767584097859
Lake,PM2.5,2010,60.455156950672645
Lake,PM2.5,2011,50.73882352941177
Lake,PM2.5,2012,50.52429667519181
Lake,PM2.5,2013,49.50963597430407
Lake,PM2.5,2014,51.70775347912525
Lake,PM2.5,2015,45.727710843373494
Lake,PM2.5,2016,39.6725
Lake,PM2.5,2017,40.328990228013026
Lake,PM2.5,2018,41.74867724867725
Lake,PM2.5,2019,42.65875370919881
Lake,PM2.5,2020,40.42559523809524
Lake,PM2.5,2021,42.25
Lake,SO2,2000,62.995535714285715
Lake,SO2,2001,63.3421052631579
Lake,SO2,2002,67.72727272727273
Lake,SO2,2003,68.89519650655022
Lake,SO2,2004,64.13924050632912
Lake,SO2,2005,69.58447488584476
Lake,SO2,2006,64.9872340425532
Lake,SO2,2007,64.44843049327355
Lake,SO2,2008,62.0929203539823
Lake,SO2,2009,65.68036529680366
Lake,SO2,2010,84.28333333333333
Lake,SO2,2011,84.46456692913385
Lake,SO2,2012,70.05633802816901
Lake,SO2,2013,65.78378378378379
Lake,SO2,2014,60.18181818181818
Lake,SO2,2015,59.775
Lake,SO2,2016,68.83333333333333
Lake,SO2,2017,58.285714285714285
Lake,SO2,2018,82.14285714285714
Lake,SO2,2019,60.333333333333336
Lake,SO2,2020,71.92857142857143
Lake,SO2,2021,55.25
Macomb,CO,2000,3.3555555555555556
Macomb,CO,2001,4.0576923076923075
Macomb,CO,2002,6.465116279069767
Macomb,CO,2003,6.433962264150943
Macomb,CO,2004,7.488888888888889
Macomb,CO,2005,7.262295081967213
Macomb,CO,2006,5.257575757575758
Macomb,CO,2007,4.2
Macomb,Ozone,2000,47.11678832116788
Macomb,Ozone,2001,64.03184713375796
Macomb,Ozone,2002,66.37179487179488
Macomb,Ozone,2003,58.027027027027025
Macomb,Ozone,2004,48.76978417266187
Macomb,Ozone,2005,66.78980891719745
Macomb,Ozone,2006,51.47953216374269
Macomb,Ozone,2007,60.08433734939759
Macomb,Ozone,2008,50.77325581395349
Macomb,Ozone,2009,46.115606936416185
Macomb,Ozone,2010,53.348571428571425
Macomb,Ozone,2011,52.25142857142857
Macomb,Ozone,2012,58.80113636363637
Macomb,Ozone,2013,46.900584795321635
Macomb,Ozone,2014,46.674285714285716
Macomb,Ozone,2015,47.346820809248555
Macomb,Ozone,2016,48.859550561797754
Macomb,Ozone,2017,42.506437768240346
Macomb,Ozone,2018,42.83935742971887
Macomb,Ozone,2019,39.372950819672134
Macomb,Ozone,2020,41.84230769230769
Macomb,PM2.5,2000,53.30864197530864
Macomb,PM2.5,2001,51.77333333333333
Macomb,PM2.5,2002,49.16883116883117
Macomb,PM2.5,2003,48.80281690140845
Macomb,PM2.5,2004,47.74390243902439
Macomb,PM2.5,2005,52.40845070422535
Macomb,PM2.5,2006,48.3125
Macomb,PM2.5,2007,48.66216216216216
Macomb,PM2.5,2008,44.394366197183096
Macomb,PM2.5,2009,44.49230769230769
Macomb,PM2.5,2010,36.46376811594203
Macomb,PM2.5,2011,35.83582089552239
Macomb,PM2.5,2012,36.82089552238806
Macomb,PM2.5,2013,33.31506849315068
Macomb,PM2.5,2014,38.08695652173913
Macomb,PM2.5,2015,41.338235294117645
Macomb,PM2.5,2016,33.676923076923075
Macomb,PM2.5,2017,37.92156862745098
Macomb,PM2.5,2018,39.54
Macomb,PM2.5,2019,39.5625
Macomb,PM2.5,2020,30.23076923076923
Macomb,SO2,2000,20.194174757281555
Macomb,SO2,2001,18.012345679012345
Macomb,SO2,2002,20.471910112359552
Macomb,SO2,2003,34.07692307692308
Macomb,SO2,2004,30.26
Macomb,SO2,2005,33.25
Macomb,SO2,2006,26.4125
Macomb,SO2,2007,21.40625
Marion,CO,2000,27.0
Marion,NO2,2000,38.0
Marion,NO2,2001,38.0
Marion,NO2,2002,43.44444444444444
Marion,NO2,2003,52.0
Marion,NO2,2004,33.333333333333336
Marion,NO2,2005,32.72727272727273
Marion,NO2,2006,24.0
Marion,NO2,2007,43.0
Marion,NO2,2008,26.2
Marion,NO2,2009,24.0
Marion,NO2,2010,37.0
Marion,NO2,2012,27.0
Marion,NO2,2013,36.0
Marion,NO2,2014,41.6
Marion,NO2,2015,32.5
Marion,NO2,2016,32.75
Marion,NO2,2017,32.333333333333336
Marion,NO2,2018,32.5
Marion,NO2,2020,33.5
Marion,NO2,2021,37.5
Marion,Ozone,2000,76.9375
Marion,Ozone,2001,87.29629629629629
Marion,Ozone,2002,105.62352941176471
Marion,Ozone,2003,83.26984126984127
Marion,Ozone,2004,64.70588235294117
Marion,Ozone,2005,86.5072463768116
Marion,Ozone,2006,79.2280701754386
Marion,Ozone,2007,87.0340909090909
Marion,Ozone,2008,60.46341463414634
Marion,Ozone,2009,62.40625
Marion,Ozone,2010,63.35632183908046
Marion,Ozone,2011,79.64912280701755
Marion,Ozone,2012,75.02
Marion,Ozone,2013,55.911764705882355
Marion,Ozone,2014,50.43023255813954
Marion,Ozone,2015,46.91056910569106
Marion,Ozone,2016,52.833333333333336
Marion,Ozone,2017,47.765625
Marion,Ozone,2018,50.145161290322584
Marion,Ozone,2019,48.836363636363636
Marion,Ozone,2020,45.44444444444444
Marion,Ozone,2021,41.57142857142857
Marion,PM10,2000,26.125
Marion,PM10,2009,40.0
Marion,PM10,2010,74.0
Marion,PM10,2014,59.0
Marion,PM10,2015,39.0
Marion,PM10,2016,53.5
Marion,PM10,2020,45.5
Marion,PM2.5,2000,63.643962848297214
Marion,PM2.5,2001,62.97922848664688
Marion,PM2.5,2002,60.948948948948946
Marion,PM2.5,2003,59.324786324786324
Marion,PM2.5,2004,58.903323262839876
Marion,PM2.5,2005,63.395209580838326
Marion,PM2.5,2006,57.26988636363637
Marion,PM2.5,2007,59.09411764705882
Marion,PM2.5,2008,55.58378378378379
Marion,PM2.5,2009,54.03448275862069
Marion,PM2.5,2010,58.62849162011173
Marion,PM2.5,2011,56.256658595641646
Marion,PM2.5,2012,52.68079096045198
Marion,PM2.5,2013,51.47540983606557
Marion,PM2.5,2014,50.50903614457831
Marion,PM2.5,2015,48.45994065281899
Marion,PM2.5,2016,45.38291139240506
Marion,PM2.5,2017,43.64367816091954
Marion,PM2.5,2018,45.84659090909091
Marion,PM2.5,2019,48.58474576271186
Marion,PM2.5,2020,46.966257668711656
Marion,PM2.5,2021,56.274193548387096
Marion,SO2,2000,78.46268656716418
Marion,SO2,2001,81.25490196078431
Marion,SO2,2002,79.34615384615384
Marion,SO2,2003,87.42622950819673
Marion,SO2,2004,80.15555555555555
Marion,SO2,2005,84.71014492753623
Marion,SO2,2006,78.50666666666666
Marion,SO2,2007,79.55555555555556
Marion,SO2,2008,75.52
Marion,SO2,2009,80.21428571428571
Marion,SO2,2010,88.26315789473684
Marion,SO2,2011,82.8125
Marion,SO2,2012,83.54545454545455
Marion,SO2,2013,72.53846153846153
Marion,SO2,2014,80.08333333333333
Marion,SO2,2015,64.33333333333333
Marion,SO2,2016,82.0
Monroe,CO,2000,17.77777777777778
Monroe,CO,2001,14.4
Monroe,CO,2002,18.6
Monroe,CO,2003,16.857142857142858
Monroe,CO,2004,8.285714285714286
Monroe,CO,2005,22.0
Monroe,CO,2006,12.75
Monroe,CO,2008,5.0
Monroe,CO,2009,7.0
Monroe,CO,2010,7.0
Monroe,CO,2011,2.0
Monroe,CO,2021,2.0
Monroe,NO2,2011,24.08695652173913
Monroe,NO2,2015,34.25
Monroe,NO2,2016,30.714285714285715
Monroe,NO2,2017,33.333333333333336
Monroe,NO2,2018,28.166666666666668
Monroe,NO2,2019,37.0
Monroe,Ozone,2000,38.40490797546012
Monroe,Ozone,2001,49.06535947712418
Monroe,Ozone,2002,52.29145728643216
Monroe,Ozone,2003,41.40331491712707
Monroe,Ozone,2004,31.668508287292816
Monroe,Ozone,2005,40.404347826086955
Monroe,Ozone,2006,40.24944320712695
Monroe,Ozone,2007,43.521303258145366
Monroe,Ozone,2008,44.033426183844014
Monroe,Ozone,2009,34.800524934383205
Monroe,Ozone,2010,44.81598062953995
Monroe,Ozone,2011,36.1475
Monroe,Ozone,2012,41.11513859275053
Monroe,Ozone,2013,37.96470588235294
Monroe,Ozone,2014,35.64351851851852
Monroe,Ozone,2015,37.37111111111111
Monroe,Ozone,2016,40.64536082474227
Monroe,Ozone,2017,38.5491452991453
Monroe,Ozone,2018,37.115671641791046
Monroe,Ozone,2019,35.28595890410959
Monroe,Ozone,2020,34.58637873754153
Monroe,Ozone,2021,35.0377358490566
Monroe,PM10,2017,24.0
Monroe,PM10,2018,16.885245901639344
Monroe,PM10,2019,22.183333333333334
Monroe,PM10,2020,21.311475409836067
Monroe,PM10,2021,19.466666666666665
Monroe,PM2.5,2000,53.74576271186441
Monroe,PM2.5,2001,56.10588235294118
Monroe,PM2.5,2002,56.33714285714286
Monroe,PM2.5,2003,53.120879120879124
Monroe,PM2.5,2004,49.04891304347826
Monroe,PM2.5,2005,55.33510638297872
Monroe,PM2.5,2006,48.74193548387097
Monroe,PM2.5,2007,49.76953125
Monroe,PM2.5,2008,44.51602564102564
Monroe,PM2.5,2009,44.6441351888668
Monroe,PM2.5,2010,43.95483870967742
Monroe,PM2.5,2011,40.707142857142856
Monroe,PM2.5,2012,38.605405405405406
Monroe,PM2.5,2013,39.89295039164491
Monroe,PM2.5,2014,39.587765957446805
Monroe,PM2.5,2015,38.37725381414702
Monroe,PM2.5,2016,32.7963224893918
Monroe,PM2.5,2017,33.70365168539326
Monroe,PM2.5,2018,39.22222222222222
Monroe,PM2.5,2019,34.20718816067653
Monroe,PM2.5,2020,34.06066945606695
Monroe,PM2.5,2021,39.85087719298246
Monroe,SO2,2000,50.223880597014926
Monroe,SO2,2001,48.898648648648646
Monroe,SO2,2002,44.98
Monroe,SO2,2003,48.01754385964912
Monroe,SO2,2004,37.82178217821782
Monroe,SO2,2005,31.637931034482758
Monroe,SO2,2006,32.473684210526315
Monroe,SO2,2007,47.57142857142857
Monroe,SO2,2008,34.54545454545455
Monroe,SO2,2009,25.833333333333332
Monroe,SO2,2010,27.764705882352942
Monroe,SO2,2011,21.166666666666668
Monroe,SO2,2012,25.5
Monroe,SO2,2013,5.064
Monroe,SO2,2014,5.430830039525691
Monroe,SO2,2015,4.369668246445498
Monroe,SO2,2016,3.6927710843373496
Monroe,SO2,2017,3.047775947281713
Monroe,SO2,2018,2.197309417040359
Monroe,SO2,2019,2.1829059829059827
Monroe,SO2,2020,2.0104633781763828
Monroe,SO2,2021,3.6333333333333333
Montgomery,CO,2000,11.75
Montgomery,CO,2001,10.0
Montgomery,CO,2002,14.833333333333334
Montgomery,CO,2003,7.428571428571429
Montgomery,CO,2004,11.18
Montgomery,CO,2005,8.030303030303031
Montgomery,CO,2006,7.794117647058823
Montgomery,CO,2007,7.735294117647059
Montgomery,CO,2008,7.7272727272727275
Montgomery,CO,2009,7.914893617021277
Montgomery,CO,2011,5.0
Montgomery,CO,2012,5.4
Montgomery,CO,2013,4.4
Montgomery,CO,2014,5.888888888888889
Montgomery,CO,2015,3.0
Montgomery,CO,2017,2.0833333333333335
Montgomery,CO,2018,3.75
Montgomery,NO2,2000,36.074829931972786
Montgomery,NO2,2001,32.3109243697479
Montgomery,NO2,2002,30.863636363636363
Montgomery,NO2,2003,34.23931623931624
Montgomery,NO2,2004,30.446280991735538
Montgomery,NO2,2005,32.78688524590164
Montgomery,NO2,2006,30.513761467889907
Montgomery,NO2,2007,30.386554621848738
Montgomery,NO2,2008,29.114754098360656
Montgomery,Ozone,2000,71.64390243902439
Montgomery,Ozone,2001,74.1011673151751
Montgomery,Ozone,2002,76.06227106227107
Montgomery,Ozone,2003,63.39912280701754
Montgomery,Ozone,2004,47.63722397476341
Montgomery,Ozone,2005,59.35670731707317
Montgomery,Ozone,2006,52.596875
Montgomery,Ozone,2007,56.331343283582086
Montgomery,Ozone,2008,60.56071428571428
Montgomery,Ozone,2009,48.14420062695925
Montgomery,Ozone,2010,60.08387096774194
Montgomery,Ozone,2011,57.55357142857143
Montgomery,Ozone,2012,55.14029850746269
Montgomery,Ozone,2013,44.77987421383648
Montgomery,Ozone,2014,44.801699716713884
Montgomery,Ozone,2015,44.75314861460957
Montgomery,Ozone,2016,42.108
Montgomery,Ozone,2017,43.170616113744074
Montgomery,Ozone,2018,44.02770780856423
Montgomery,Ozone,2019,41.05911330049261
Montgomery,Ozone,2020,42.6640826873385
Montgomery,Ozone,2021,32.311688311688314
Montgomery,PM10,2000,26.666666666666668
Montgomery,PM10,2001,38.25
Montgomery,PM10,2003,19.0
Montgomery,PM10,2004,10.0
Montgomery,PM10,2005,23.5
Montgomery,PM10,2006,16.833333333333332
Montgomery,PM10,2007,30.0
Montgomery,PM10,2019,30.5
Montgomery,PM10,2020,46.0
Montgomery,PM2.5,2000,63.072463768115945
Montgomery,PM2.5,2001,60.635802469135804
Montgomery,PM2.5,2002,56.32208588957055
Montgomery,PM2.5,2003,57.166172106824924
Montgomery,PM2.5,2004,54.644067796610166
Montgomery,PM2.5,2005,59.24223602484472
Montgomery,PM2.5,2006,54.2289156626506
Montgomery,PM2.5,2007,56.3875
Montgomery,PM2.5,2008,51.605177993527505
Montgomery,PM2.5,2009,46.45454545454545
Montgomery,PM2.5,2010,47.8922305764411
Montgomery,PM2.5,2011,49.02242152466368
Montgomery,PM2.5,2012,47.1266149870801
Montgomery,PM2.5,2013,48.847665847665844
Montgomery,PM2.5,2014,48.27445652173913
Montgomery,PM2.5,2015,44.454819277108435
Montgomery,PM2.5,2016,36.67213114754098
Montgomery,PM2.5,2017,41.26101694915254
Montgomery,PM2.5,2018,41.003184713375795
Montgomery,PM2.5,2019,45.12852664576803
Montgomery,PM2.5,2020,42.660766961651916
Montgomery,PM2.5,2021,44.55555555555556
Montgomery,SO2,2000,38.391304347826086
Montgomery,SO2,2001,38.27272727272727
Montgomery,SO2,2002,35.733333333333334
Montgomery,SO2,2003,35.42857142857143
Montgomery,SO2,2004,28.333333333333332
Montgomery,SO2,2005,31.666666666666668
Montgomery,SO2,2006,28.88888888888889
Montgomery,SO2,2007,23.692307692307693
Montgomery,SO2,2008,25.22222222222222
Montgomery,SO2,2009,22.869565217391305
Montgomery,SO2,2010,9.904761904761905
Montgomery,SO2,2016,2.0714285714285716
Wayne,CO,2000,22.0
Wayne,CO,2021,9.494505494505495
Wayne,NO2,2000,53.69444444444444
Wayne,NO2,2001,43.575
Wayne,NO2,2002,39.666666666666664
Wayne,NO2,2003,46.42857142857143
Wayne,NO2,2004,37.458333333333336
Wayne,NO2,2005,36.2
Wayne,NO2,2006,31.227272727272727
Wayne,NO2,2007,33.35294117647059
Wayne,NO2,2008,27.925925925925927
Wayne,NO2,2009,31.555555555555557
Wayne,NO2,2010,34.25
Wayne,NO2,2011,35.59090909090909
Wayne,NO2,2012,30.615384615384617
Wayne,NO2,2013,35.1875
Wayne,NO2,2014,39.2
Wayne,NO2,2015,47.25
Wayne,NO2,2016,52.11764705882353
Wayne,NO2,2017,52.666666666666664
Wayne,NO2,2018,47.714285714285715
Wayne,NO2,2019,41.42857142857143
Wayne,NO2,2020,40.2
Wayne,Ozone,2000,37.693593314763234
Wayne,Ozone,2001,46.67821782178218
Wayne,Ozone,2002,51.85028248587571
Wayne,Ozone,2003,49.592
Wayne,Ozone,2004,38.36929460580913
Wayne,Ozone,2005,44.58098591549296
Wayne,Ozone,2006,41.37586206896552
Wayne,Ozone,2007,53.93207547169811
Wayne,Ozone,2008,44.46052631578947
Wayne,Ozone,2009,39.028125
Wayne,Ozone,2010,43.119760479041915
Wayne,Ozone,2011,37.85
Wayne,Ozone,2012,46.41551246537396
Wayne,Ozone,2013,40.25526315789474
Wayne,Ozone,2014,39.477832512315274
Wayne,Ozone,2015,37.090673575129536
Wayne,Ozone,2016,41.175324675324674
Wayne,Ozone,2017,42.73557692307692
Wayne,Ozone,2018,43.15576323987539
Wayne,Ozone,2019,38.8235294117647
Wayne,Ozone,2020,38.57710280373832
Wayne,Ozone,2021,35.57303370786517
Wayne,PM10,2000,57.92857142857143
Wayne,PM10,2001,47.5
Wayne,PM10,2002,54.391304347826086
Wayne,PM10,2003,61.648648648648646
Wayne,PM10,2004,64.3076923076923
Wayne,PM10,2005,43.7
Wayne,PM10,2006,41.18181818181818
Wayne,PM10,2007,47.75
Wayne,PM10,2008,29.142857142857142
Wayne,PM10,2009,41.0
Wayne,PM10,2010,36.0
Wayne,PM10,2011,31.75
Wayne,PM10,2012,56.285714285714285
Wayne,PM10,2013,45.523809523809526
Wayne,PM10,2014,56.37931034482759
Wayne,PM10,2015,53.7
Wayne,PM10,2016,57.758620689655174
Wayne,PM10,2017,54.76923076923077
Wayne,PM10,2018,50.354838709677416
Wayne,PM10,2019,56.46153846153846
Wayne,PM10,2020,52.23076923076923
Wayne,PM2.5,2000,72.96855345911949
Wayne,PM2.5,2001,72.73513513513514
Wayne,PM2.5,2002,66.06598984771574
Wayne,PM2.5,2003,68.46808510638297
Wayne,PM2.5,2004,62.679245283018865
Wayne,PM2.5,2005,66.70098039215686
Wayne,PM2.5,2006,65.43428571428572
Wayne,PM2.5,2007,59.97073170731707
Wayne,PM2.5,2008,55.994535519125684
Wayne,PM2.5,2009,52.792929292929294
Wayne,PM2.5,2010,58.06707317073171
Wayne,PM2.5,2011,52.55251141552512
Wayne,PM2.5,2012,58.16556291390729
Wayne,PM2.5,2013,52.277227722772274
Wayne,PM2.5,2014,55.65296803652968
Wayne,PM2.5,2015,55.801886792452834
Wayne,PM2.5,2016,55.35602094240838
Wayne,PM2.5,2017,54.10526315789474
Wayne,PM2.5,2018,53.626126126126124
Wayne,PM2.5,2019,55.8102766798419
Wayne,PM2.5,2020,51.92765957446809
Wayne,SO2,2000,83.53076923076924
Wayne,SO2,2001,85.71951219512195
Wayne,SO2,2002,89.74
Wayne,SO2,2003,90.56060606060606
Wayne,SO2,2004,86.29333333333334
Wayne,SO2,2005,91.4
Wayne,SO2,2006,80.3974358974359
Wayne,SO2,2007,79.14814814814815
Wayne,SO2,2008,77.2463768115942
Wayne,SO2,2009,67.68181818181819
Wayne,SO2,2010,79.22222222222223
Wayne,SO2,2011,74.61111111111111
Wayne,SO2,2012,71.21126760563381
Wayne,SO2,2013,64.91666666666667
Wayne,SO2,2014,73.56862745098039
Wayne,SO2,2015,62.03030303030303
Wayne,SO2,2016,72.16666666666667
Wayne,SO2,2017,70.5
Wayne,SO2,2018,63.34782608695652
Wayne,SO2,2019,62.15
Wayne,SO2,2020,55.57142857142857
